lb1,lb0,ub0,d,e11,e10,K,e21,e20,e00,e01,a1,ftype,max_err,c2,c1,c0,rms_err,ub1
0.010000000000000004,0.10000000000000002,1.0,2,0.0010479480741262808,-0.0010474421730040154,3,1.2755057680788862,-1.2763902794294373,-6.0370749097882319,6.0386131293220107,0.001042592558226913,SMA,0.0057733780478897989,0.00074599344742851798,1.0000270795679225,0.0005650698019246072,0.00065426102400223049,0.089999999999999983
